,Date,Symbols,High,Low,Open,Close,Volume,Adj Close
0,2018-01-02,AAL,53.099998474121094,51.900001525878906,52.33000183105469,52.9900016784668,4084700.0,52.48270034790039
1,2018-01-02,AAPL,172.3000030517578,169.25999450683594,170.16000366210938,172.25999450683594,25555900.0,169.71206665039062
2,2018-01-03,AAL,52.86000061035156,52.060001373291016,52.86000061035156,52.34000015258789,5074900.0,51.838924407958984
3,2018-01-03,AAPL,174.5500030517578,171.9600067138672,172.52999877929688,172.22999572753906,29517900.0,169.68251037597656
4,2018-01-04,AAL,54.400001525878906,52.27000045776367,52.47999954223633,52.66999816894531,3557100.0,52.1657600402832
5,2018-01-04,AAPL,173.47000122070312,172.0800018310547,172.5399932861328,173.02999877929688,22434600.0,170.470703125
6,2018-01-05,AAL,52.84000015258789,52.43000030517578,52.779998779296875,52.650001525878906,2967800.0,52.14595031738281
7,2018-01-05,AAPL,175.3699951171875,173.0500030517578,173.44000244140625,175.0,23660000.0,172.41156005859375
8,2018-01-08,AAL,52.63999938964844,51.93000030517578,52.599998474121094,52.130001068115234,3515800.0,51.63093566894531
9,2018-01-08,AAPL,175.61000061035156,173.92999267578125,174.35000610351562,174.35000610351562,20567800.0,171.77117919921875
10,2018-01-09,AAL,53.369998931884766,52.0099983215332,52.970001220703125,52.08000183105469,3426000.0,51.581417083740234
11,2018-01-09,AAPL,175.05999755859375,173.41000366210938,174.5500030517578,174.3300018310547,21584000.0,171.75146484375
12,2018-01-10,AAL,54.02000045776367,52.880001068115234,53.22999954223633,53.779998779296875,7655800.0,53.26513671875
13,2018-01-10,AAPL,174.3000030517578,173.0,173.16000366210938,174.2899932861328,23959900.0,171.71205139160156
14,2018-01-11,AAL,57.0,54.18000030517578,54.4900016784668,56.41999816894531,11339900.0,55.87985610961914
15,2018-01-11,AAPL,175.49000549316406,174.49000549316406,174.58999633789062,175.27999877929688,18667700.0,172.68740844726562
16,2018-01-12,AAL,58.72999954223633,56.560001373291016,56.560001373291016,58.470001220703125,7505800.0,57.91023635864258
17,2018-01-12,AAPL,177.36000061035156,175.64999389648438,176.17999267578125,177.08999633789062,25226000.0,174.47064208984375
18,2018-01-16,AAC,9.40999984741211,9.0,9.369999885559082,9.0600004196167,69400.0,9.0600004196167
19,2018-01-16,AAL,59.08000183105469,57.529998779296875,58.790000915527344,57.97999954223633,5283900.0,57.424922943115234
20,2018-01-16,AAPL,179.38999938964844,176.13999938964844,177.89999389648438,176.19000244140625,29565900.0,173.58396911621094
21,2018-01-17,AAC,9.170000076293945,9.0,9.119999885559082,9.029999732971191,104500.0,9.029999732971191
22,2018-01-17,AAL,58.58000183105469,57.79999923706055,58.310001373291016,58.15999984741211,3143300.0,57.60320281982422
23,2018-01-17,AAPL,179.25,175.07000732421875,176.14999389648438,179.10000610351562,34386800.0,176.450927734375
24,2018-01-18,AAC,9.135000228881836,8.979999542236328,9.050000190734863,8.989999771118164,166600.0,8.989999771118164
25,2018-01-18,AAL,58.709999084472656,57.560001373291016,58.0,58.34000015258789,3969100.0,57.78147888183594
26,2018-01-18,AAPL,180.10000610351562,178.25,179.3699951171875,179.25999450683594,31193400.0,176.60855102539062
27,2018-01-19,AAC,9.270000457763672,9.0,9.0,9.199999809265137,110600.0,9.199999809265137
28,2018-01-19,AAL,58.59000015258789,57.7599983215332,58.59000015258789,58.060001373291016,3151200.0,57.5041618347168
29,2018-01-19,AAPL,179.5800018310547,177.41000366210938,178.61000061035156,178.4600067138672,32425100.0,175.8203887939453
30,2018-01-22,AAC,9.199999809265137,8.9399995803833,9.199999809265137,9.079999923706055,139200.0,9.079999923706055
31,2018-01-22,AAL,58.34000015258789,57.529998779296875,57.9900016784668,58.099998474121094,3553900.0,57.54377746582031
32,2018-01-22,AAPL,177.77999877929688,176.60000610351562,177.3000030517578,177.0,27108600.0,174.38197326660156
33,2018-01-23,AAC,9.109999656677246,9.0,9.050000190734863,9.020000457763672,54700.0,9.020000457763672
34,2018-01-23,AAL,58.459999084472656,57.400001525878906,57.7400016784668,58.290000915527344,3337000.0,57.731956481933594
35,2018-01-23,AAPL,179.44000244140625,176.82000732421875,177.3000030517578,177.0399932861328,32689100.0,174.42138671875
36,2018-01-24,AAC,9.069999694824219,8.90999984741211,9.069999694824219,8.949999809265137,117500.0,8.949999809265137
37,2018-01-24,AAL,55.459999084472656,53.45000076293945,54.349998474121094,54.790000915527344,16348500.0,54.265464782714844
38,2018-01-24,AAPL,177.3000030517578,173.1999969482422,177.25,174.22000122070312,51105100.0,171.64308166503906
39,2018-01-25,AAC,9.0600004196167,8.899999618530273,9.0,9.050000190734863,204300.0,9.050000190734863
40,2018-01-25,AAL,54.54999923706055,52.209999084472656,54.0,53.04999923706055,10223100.0,52.542118072509766
41,2018-01-25,AAPL,174.9499969482422,170.52999877929688,174.50999450683594,171.11000061035156,41529000.0,168.57908630371094
42,2018-01-26,AAC,9.239999771118164,9.09000015258789,9.109999656677246,9.170000076293945,62000.0,9.170000076293945
43,2018-01-26,AAL,53.900001525878906,52.34000015258789,53.650001525878906,53.06999969482422,7066100.0,52.56193161010742
44,2018-01-26,AAPL,172.0,170.05999755859375,172.0,171.50999450683594,39143000.0,168.97317504882812
45,2018-01-29,AAC,9.779999732971191,9.170000076293945,9.170000076293945,9.5,173300.0,9.5
46,2018-01-29,AAL,53.15999984741211,52.59000015258789,52.790000915527344,52.68000030517578,5953700.0,52.17566680908203
47,2018-01-29,AAPL,170.16000366210938,167.07000732421875,170.16000366210938,167.9600067138672,50640400.0,165.47567749023438
48,2018-01-30,AAC,9.479999542236328,9.0,9.399999618530273,9.079999923706055,82800.0,9.079999923706055
49,2018-01-30,AAL,53.04999923706055,52.36000061035156,52.45000076293945,52.59000015258789,4741800.0,52.08652877807617
50,2018-01-30,AAPL,167.3699951171875,164.6999969482422,165.52999877929688,166.97000122070312,46048200.0,164.50033569335938
51,2018-01-31,AAC,9.25,8.819999694824219,9.079999923706055,8.949999809265137,122000.0,8.949999809265137
52,2018-01-31,AAL,54.709999084472656,53.0,53.08000183105469,54.31999969482422,5962900.0,53.799964904785156
53,2018-01-31,AAPL,168.44000244140625,166.5,166.8699951171875,167.42999267578125,32478900.0,164.95352172851562
54,2018-02-01,AAC,8.899999618530273,8.5,8.899999618530273,8.640000343322754,96600.0,8.640000343322754
55,2018-02-01,AAL,54.63999938964844,53.59000015258789,54.0,53.880001068115234,3623100.0,53.36418151855469
56,2018-02-01,AAPL,168.6199951171875,166.75999450683594,167.1699981689453,167.77999877929688,47230800.0,165.29835510253906
57,2018-02-02,AAC,8.5600004196167,8.010000228881836,8.5600004196167,8.109999656677246,142600.0,8.109999656677246
58,2018-02-02,AAL,53.9900016784668,52.029998779296875,53.4900016784668,52.099998474121094,5109400.0,51.60121536254883
59,2018-02-02,AAPL,166.8000030517578,160.10000610351562,166.0,160.5,86593800.0,158.1260223388672
60,2018-02-05,AAC,8.140000343322754,7.809999942779541,8.010000228881836,8.0,135600.0,8.0
61,2018-02-05,AAL,52.38999938964844,49.75,51.22999954223633,49.7599983215332,6878300.0,49.37839889526367
62,2018-02-05,AAPL,163.8800048828125,156.0,159.10000610351562,156.49000549316406,72738500.0,154.17535400390625
63,2018-02-06,AAC,8.350000381469727,7.900000095367432,7.960000038146973,8.289999961853027,88200.0,8.289999961853027
64,2018-02-06,AAL,51.5,48.790000915527344,49.31999969482422,51.18000030517578,6782500.0,50.78750991821289
65,2018-02-06,AAPL,163.72000122070312,154.0,154.8300018310547,163.02999877929688,68243800.0,160.61859130859375
66,2018-02-07,AAC,8.350000381469727,8.050000190734863,8.260000228881836,8.109999656677246,87500.0,8.109999656677246
67,2018-02-07,AAL,51.97999954223633,50.88999938964844,50.90999984741211,51.400001525878906,4845800.0,51.00581741333008
68,2018-02-07,AAPL,163.39999389648438,159.07000732421875,163.08999633789062,159.5399932861328,51608600.0,157.1802215576172
69,2018-02-08,AAC,8.229999542236328,7.940000057220459,8.130000114440918,7.96999979019165,124000.0,7.96999979019165
70,2018-02-08,AAL,51.459999084472656,48.5099983215332,51.439998626708984,48.599998474121094,5995100.0,48.227291107177734
71,2018-02-08,AAPL,161.0,155.02999877929688,160.2899932861328,155.14999389648438,54390500.0,152.8551483154297
72,2018-02-09,AAC,8.100000381469727,7.789999961853027,8.029999732971191,8.010000228881836,128100.0,8.010000228881836
73,2018-02-09,AAL,49.72999954223633,46.33000183105469,49.70000076293945,48.36000061035156,6837800.0,47.9891357421875
74,2018-02-09,AAPL,157.88999938964844,150.24000549316406,157.07000732421875,156.41000366210938,70672600.0,154.7248077392578
75,2018-02-12,AAC,8.220000267028809,7.909999847412109,8.119999885559082,8.09000015258789,72100.0,8.09000015258789
76,2018-02-12,AAL,50.5099983215332,48.650001525878906,48.790000915527344,50.09000015258789,5437800.0,49.705867767333984
77,2018-02-12,AAPL,163.88999938964844,157.50999450683594,158.5,162.7100067138672,60819500.0,160.95692443847656
78,2018-02-13,AAC,8.210000038146973,7.96999979019165,8.050000190734863,8.1899995803833,58500.0,8.1899995803833
79,2018-02-13,AAL,50.91999816894531,49.63999938964844,49.70000076293945,50.869998931884766,3758000.0,50.47988510131836
80,2018-02-13,AAPL,164.75,161.64999389648438,161.9499969482422,164.33999633789062,32549200.0,162.56935119628906
81,2018-02-14,AAC,8.36299991607666,8.029999732971191,8.100000381469727,8.1899995803833,52000.0,8.1899995803833
82,2018-02-14,AAL,51.560001373291016,50.11000061035156,50.2400016784668,51.06999969482422,4983200.0,50.678348541259766
83,2018-02-14,AAPL,167.5399932861328,162.8800048828125,163.0399932861328,167.3699951171875,40644900.0,165.5666961669922
84,2018-02-15,AAC,8.5,8.130000114440918,8.317999839782715,8.380000114440918,56000.0,8.380000114440918
85,2018-02-15,AAL,51.880001068115234,50.939998626708984,51.45000076293945,51.66999816894531,3140800.0,51.273746490478516
86,2018-02-15,AAPL,173.08999633789062,169.0,169.7899932861328,172.99000549316406,51147200.0,171.12615966796875
87,2018-02-16,AAC,8.489999771118164,8.289999961853027,8.329999923706055,8.319999694824219,56000.0,8.319999694824219
88,2018-02-16,AAL,52.209999084472656,51.529998779296875,51.79999923706055,51.58000183105469,3891300.0,51.18444061279297
89,2018-02-16,AAPL,174.82000732421875,171.77000427246094,172.36000061035156,172.42999267578125,40176100.0,170.5721893310547
90,2018-02-20,AAC,8.390000343322754,8.0600004196167,8.270000457763672,8.130000114440918,93000.0,8.130000114440918
91,2018-02-20,AAL,52.22999954223633,51.099998474121094,51.22999954223633,51.720001220703125,3379700.0,51.323368072509766
92,2018-02-20,AAPL,174.25999450683594,171.4199981689453,172.0500030517578,171.85000610351562,33930500.0,169.99844360351562
93,2018-02-21,AAC,8.710000038146973,8.130000114440918,8.130000114440918,8.380000114440918,107300.0,8.380000114440918
94,2018-02-21,AAL,53.86000061035156,51.83000183105469,51.959999084472656,52.779998779296875,5396700.0,52.3752326965332
95,2018-02-21,AAPL,174.1199951171875,171.00999450683594,172.8300018310547,171.07000732421875,37471600.0,169.2268524169922
96,2018-02-22,AAC,10.739999771118164,8.279999732971191,9.579999923706055,8.979999542236328,1103700.0,8.979999542236328
97,2018-02-22,AAL,53.40999984741211,52.70000076293945,53.2400016784668,52.97999954223633,4356700.0,52.57370376586914
98,2018-02-22,AAPL,173.9499969482422,171.7100067138672,171.8000030517578,172.5,30991900.0,170.6414337158203
99,2018-02-23,AAC,9.600000381469727,9.050000190734863,9.050000190734863,9.489999771118164,272500.0,9.489999771118164
100,2018-02-23,AAL,53.47999954223633,52.720001220703125,53.29999923706055,53.38999938964844,3394700.0,52.98055648803711
101,2018-02-23,AAPL,175.64999389648438,173.5399932861328,173.6699981689453,175.5,33812400.0,173.60910034179688
102,2018-02-26,AAC,10.430000305175781,9.390000343322754,9.5,9.579999923706055,515800.0,9.579999923706055
103,2018-02-26,AAL,55.130001068115234,53.91999816894531,53.9900016784668,55.0,4962100.0,54.57821273803711
104,2018-02-26,AAPL,179.38999938964844,176.2100067138672,176.35000610351562,178.97000122070312,38162200.0,177.04173278808594
105,2018-02-27,AAC,10.239999771118164,9.510000228881836,9.609999656677246,9.550000190734863,219500.0,9.550000190734863
106,2018-02-27,AAL,55.599998474121094,54.2400016784668,54.88999938964844,54.2599983215332,4878400.0,53.8438835144043
107,2018-02-27,AAPL,180.47999572753906,178.16000366210938,179.10000610351562,178.38999938964844,38928100.0,176.46798706054688
108,2018-02-28,AAC,9.710000038146973,9.289999961853027,9.5600004196167,9.460000038146973,143400.0,9.460000038146973
109,2018-02-28,AAL,54.599998474121094,53.63999938964844,54.40999984741211,54.25,4343800.0,53.83396530151367
110,2018-02-28,AAPL,180.6199951171875,178.0500030517578,179.25999450683594,178.1199951171875,37782100.0,176.2008819580078
111,2018-03-01,AAC,9.720000267028809,9.279999732971191,9.420000076293945,9.680000305175781,151200.0,9.680000305175781
112,2018-03-01,AAL,55.310001373291016,53.29999923706055,54.13999938964844,53.47999954223633,5895600.0,53.06986618041992
113,2018-03-01,AAPL,179.77999877929688,172.66000366210938,178.5399932861328,175.0,48802000.0,173.114501953125
114,2018-03-02,AAC,9.869999885559082,9.369999885559082,9.579999923706055,9.800000190734863,159600.0,9.800000190734863
115,2018-03-02,AAL,53.41999816894531,51.869998931884766,52.900001525878906,53.18000030517578,4918200.0,52.77217102050781
116,2018-03-02,AAPL,176.3000030517578,172.4499969482422,172.8000030517578,176.2100067138672,38454000.0,174.3114776611328
117,2018-03-05,AAC,10.25,9.65999984741211,9.829999923706055,9.779999732971191,346100.0,9.779999732971191
118,2018-03-05,AAL,53.689998626708984,52.689998626708984,52.900001525878906,53.189998626708984,3974800.0,52.7820930480957
119,2018-03-05,AAPL,177.74000549316406,174.52000427246094,175.2100067138672,176.82000732421875,28401400.0,174.91490173339844
120,2018-03-06,AAC,10.170000076293945,9.789999961853027,9.800000190734863,10.100000381469727,168600.0,10.100000381469727
121,2018-03-06,AAL,54.02000045776367,52.900001525878906,53.34000015258789,53.56999969482422,4273800.0,53.159175872802734
122,2018-03-06,AAPL,178.25,176.1300048828125,177.91000366210938,176.6699981689453,23788500.0,174.76651000976562
123,2018-03-07,AAC,11.109999656677246,10.0,10.020000457763672,10.949999809265137,207300.0,10.949999809265137
124,2018-03-07,AAL,54.16999816894531,53.040000915527344,53.119998931884766,54.11000061035156,3216900.0,53.695037841796875
125,2018-03-07,AAPL,175.85000610351562,174.27000427246094,174.94000244140625,175.02999877929688,31703500.0,173.14418029785156
126,2018-03-08,AAC,12.779999732971191,11.020000457763672,11.020000457763672,12.100000381469727,617400.0,12.100000381469727
127,2018-03-08,AAL,55.689998626708984,54.279998779296875,54.33000183105469,54.790000915527344,4189500.0,54.36982345581055
128,2018-03-08,AAPL,177.1199951171875,175.07000732421875,175.47999572753906,176.94000244140625,23774100.0,175.03359985351562
129,2018-03-09,AAC,12.069999694824219,11.34000015258789,12.010000228881836,11.970000267028809,288400.0,11.970000267028809
130,2018-03-09,AAL,56.08000183105469,54.650001525878906,55.04999923706055,56.06999969482422,3468900.0,55.6400032043457
131,2018-03-09,AAPL,180.0,177.38999938964844,177.9600067138672,179.97999572753906,32185200.0,178.04083251953125
132,2018-03-12,AAC,12.420000076293945,11.970000267028809,12.0,12.270000457763672,402700.0,12.270000457763672
133,2018-03-12,AAL,56.970001220703125,55.630001068115234,56.2599983215332,56.5,3256400.0,56.066707611083984
134,2018-03-12,AAPL,182.38999938964844,180.2100067138672,180.2899932861328,181.72000122070312,32207100.0,179.7620849609375
135,2018-03-13,AAC,12.300000190734863,11.770000457763672,12.25,11.9399995803833,217500.0,11.9399995803833
136,2018-03-13,AAL,57.439998626708984,56.029998779296875,56.86000061035156,56.22999954223633,4361800.0,55.79877471923828
137,2018-03-13,AAPL,183.5,179.24000549316406,182.58999633789062,179.97000122070312,31693500.0,178.03094482421875
138,2018-03-14,AAC,12.25,11.8100004196167,11.949999809265137,12.039999961853027,192000.0,12.039999961853027
139,2018-03-14,AAL,57.209999084472656,55.15999984741211,56.56999969482422,55.279998779296875,4267000.0,54.85606002807617
140,2018-03-14,AAPL,180.52000427246094,177.80999755859375,180.32000732421875,178.44000244140625,29368400.0,176.51742553710938
141,2018-03-15,AAC,12.899999618530273,12.020000457763672,12.020000457763672,12.699999809265137,166600.0,12.699999809265137
142,2018-03-15,AAL,55.560001373291016,54.93000030517578,55.349998474121094,55.16999816894531,2980500.0,54.74690628051758
143,2018-03-15,AAPL,180.24000549316406,178.07000732421875,178.5,178.64999389648438,22743800.0,176.72515869140625
144,2018-03-16,AAC,12.920000076293945,12.680000305175781,12.6899995803833,12.869999885559082,179700.0,12.869999885559082
145,2018-03-16,AAL,56.40999984741211,55.27000045776367,55.310001373291016,55.400001525878906,4574400.0,54.97514724731445
146,2018-03-16,AAPL,179.1199951171875,177.6199951171875,178.64999389648438,178.02000427246094,39404700.0,176.10195922851562
147,2018-03-19,AAC,12.960000038146973,11.760000228881836,12.920000076293945,12.34000015258789,255600.0,12.34000015258789
148,2018-03-19,AAL,55.689998626708984,54.189998626708984,55.33000183105469,54.619998931884766,3834300.0,54.20112228393555
149,2018-03-19,AAPL,177.47000122070312,173.66000366210938,177.32000732421875,175.3000030517578,33446800.0,173.41128540039062
150,2018-03-20,AAC,12.960000038146973,12.274999618530273,12.319999694824219,12.680000305175781,141700.0,12.680000305175781
151,2018-03-20,AAL,55.70000076293945,54.66999816894531,54.93000030517578,55.31999969482422,2555600.0,54.895755767822266
152,2018-03-20,AAPL,176.8000030517578,174.94000244140625,175.24000549316406,175.24000549316406,19649400.0,173.35191345214844
153,2018-03-21,AAC,12.869999885559082,12.579999923706055,12.649999618530273,12.680000305175781,125200.0,12.680000305175781
154,2018-03-21,AAL,54.61000061035156,53.16999816894531,54.209999084472656,54.09000015258789,4811600.0,53.67518997192383
155,2018-03-21,AAPL,175.08999633789062,171.25999450683594,175.0399932861328,171.27000427246094,36338100.0,169.4246826171875
156,2018-03-22,AAC,12.899999618530273,12.479999542236328,12.619999885559082,12.489999771118164,62600.0,12.489999771118164
157,2018-03-22,AAL,54.18000030517578,52.290000915527344,53.58000183105469,52.310001373291016,4871300.0,51.908843994140625
158,2018-03-22,AAPL,172.67999267578125,168.60000610351562,170.0,168.85000610351562,41490800.0,167.03076171875
159,2018-03-23,AAC,12.670000076293945,11.880000114440918,12.479999542236328,12.020000457763672,104700.0,12.020000457763672
160,2018-03-23,AAL,53.099998474121094,50.9900016784668,52.630001068115234,51.0099983215332,3966000.0,50.61880874633789
161,2018-03-23,AAPL,169.9199981689453,164.94000244140625,168.38999938964844,164.94000244140625,41028800.0,163.1628875732422
162,2018-03-26,AAC,12.34000015258789,11.539999961853027,12.149999618530273,12.279999732971191,172300.0,12.279999732971191
163,2018-03-26,AAL,52.040000915527344,50.63999938964844,51.939998626708984,51.86000061035156,3210500.0,51.4622917175293
164,2018-03-26,AAPL,173.10000610351562,166.44000244140625,168.07000732421875,172.77000427246094,37541200.0,170.90853881835938
165,2018-03-27,AAC,12.300000190734863,11.5600004196167,12.300000190734863,11.609999656677246,90900.0,11.609999656677246
166,2018-03-27,AAL,52.349998474121094,50.54999923706055,52.29999923706055,50.900001525878906,2940700.0,50.5096549987793
167,2018-03-27,AAPL,175.14999389648438,166.9199981689453,173.67999267578125,168.33999633789062,40922600.0,166.52626037597656
168,2018-03-28,AAC,11.550000190734863,10.989999771118164,11.5,11.270000457763672,187600.0,11.270000457763672
169,2018-03-28,AAL,51.2599983215332,50.04999923706055,50.900001525878906,50.849998474121094,4177500.0,50.46003723144531
170,2018-03-28,AAPL,170.02000427246094,165.19000244140625,167.25,166.47999572753906,41668500.0,164.68629455566406
171,2018-03-29,AAC,11.789999961853027,11.420000076293945,11.5,11.479999542236328,92000.0,11.479999542236328
172,2018-03-29,AAL,52.43000030517578,51.029998779296875,51.29999923706055,51.959999084472656,3074100.0,51.5615234375
173,2018-03-29,AAPL,171.75,166.89999389648438,167.80999755859375,167.77999877929688,38398500.0,165.9722900390625
174,2018-04-02,AAC,11.399999618530273,11.039999961853027,11.289999961853027,11.069999694824219,74500.0,11.069999694824219
175,2018-04-02,AAL,51.95000076293945,48.959999084472656,51.77000045776367,49.779998779296875,4185800.0,49.39823913574219
176,2018-04-02,AAPL,168.94000244140625,164.47000122070312,166.63999938964844,166.67999267578125,37586800.0,164.88414001464844
177,2018-04-03,AAC,11.470000267028809,11.09000015258789,11.149999618530273,11.239999771118164,61400.0,11.239999771118164
178,2018-04-03,AAL,51.54999923706055,49.56999969482422,50.22999954223633,51.470001220703125,3863300.0,51.075286865234375
179,2018-04-03,AAPL,168.75,164.8800048828125,167.63999938964844,168.38999938964844,30278000.0,166.57571411132812
180,2018-04-04,AAC,11.399999618530273,10.819999694824219,11.029999732971191,11.3100004196167,113800.0,11.3100004196167
181,2018-04-04,AAL,52.099998474121094,50.5099983215332,50.599998474121094,52.040000915527344,3955000.0,51.64091110229492
182,2018-04-04,AAPL,172.00999450683594,164.77000427246094,164.8800048828125,171.61000061035156,34605500.0,169.7610321044922
183,2018-04-05,AAC,11.819999694824219,11.369999885559082,11.369999885559082,11.680000305175781,52000.0,11.680000305175781
184,2018-04-05,AAL,53.08000183105469,51.83000183105469,52.5,52.13999938964844,3060900.0,51.74014663696289
185,2018-04-05,AAPL,174.22999572753906,172.0800018310547,172.5800018310547,172.8000030517578,26933200.0,170.93820190429688
186,2018-04-06,AAC,11.770000457763672,11.329999923706055,11.609999656677246,11.460000038146973,59100.0,11.460000038146973
187,2018-04-06,AAL,51.959999084472656,49.810001373291016,51.709999084472656,50.290000915527344,4302600.0,49.90433120727539
188,2018-04-06,AAPL,172.47999572753906,168.1999969482422,170.97000122070312,168.3800048828125,35005300.0,166.5658416748047
189,2018-04-09,AAC,11.579999923706055,11.359999656677246,11.480999946594238,11.40999984741211,42500.0,11.40999984741211
190,2018-04-09,AAL,50.86000061035156,49.7400016784668,50.5,49.81999969482422,4330100.0,49.43793869018555
191,2018-04-09,AAPL,173.08999633789062,169.85000610351562,169.8800048828125,170.0500030517578,29017700.0,168.21783447265625
192,2018-04-10,AAC,11.729999542236328,11.300000190734863,11.579999923706055,11.329999923706055,92500.0,11.329999923706055
193,2018-04-10,AAL,50.56999969482422,47.209999084472656,50.52000045776367,47.459999084472656,12805000.0,47.09603500366211
194,2018-04-10,AAPL,174.0,171.52999877929688,173.0,173.25,28408600.0,171.3833465576172
195,2018-04-11,AAC,11.380000114440918,11.0,11.239999771118164,11.029999732971191,58000.0,11.029999732971191
196,2018-04-11,AAL,47.459999084472656,45.369998931884766,47.150001525878906,45.400001525878906,10151100.0,45.05183029174805
197,2018-04-11,AAPL,173.9199981689453,171.6999969482422,172.22999572753906,172.44000244140625,22431600.0,170.58209228515625
198,2018-04-12,AAC,11.460000038146973,11.050000190734863,11.130000114440918,11.140000343322754,65400.0,11.140000343322754
199,2018-04-12,AAL,46.79999923706055,45.5099983215332,46.029998779296875,46.56999969482422,7040400.0,46.212860107421875
200,2018-04-12,AAPL,175.0,173.0399932861328,173.41000366210938,174.13999938964844,22889300.0,172.26376342773438
201,2018-04-13,AAC,11.199999809265137,10.649999618530273,11.180000305175781,10.779999732971191,128900.0,10.779999732971191
202,2018-04-13,AAL,47.04999923706055,45.75,46.75,45.869998931884766,5226300.0,45.518226623535156
203,2018-04-13,AAPL,175.83999633789062,173.85000610351562,174.77999877929688,174.72999572753906,25124300.0,172.847412109375
204,2018-04-16,AAC,11.170000076293945,10.890000343322754,10.890000343322754,11.069999694824219,38300.0,11.069999694824219
205,2018-04-16,AAL,46.939998626708984,45.810001373291016,46.130001068115234,46.400001525878906,4516300.0,46.04417037963867
206,2018-04-16,AAPL,176.19000244140625,174.8300018310547,175.02999877929688,175.82000732421875,21578400.0,173.92567443847656
207,2018-04-17,AAC,11.3100004196167,10.859999656677246,11.119999885559082,11.180000305175781,47200.0,11.180000305175781
208,2018-04-17,AAL,47.029998779296875,45.619998931884766,46.75,45.75,6961100.0,45.39915084838867
209,2018-04-17,AAPL,178.94000244140625,176.41000366210938,176.49000549316406,178.24000549316406,26509000.0,176.31959533691406
210,2018-04-18,AAC,11.5,11.1899995803833,11.199999809265137,11.3100004196167,118800.0,11.3100004196167
211,2018-04-18,AAL,48.380001068115234,46.04999923706055,46.5,47.7599983215332,9170700.0,47.393733978271484
212,2018-04-18,AAPL,178.82000732421875,176.8800048828125,177.80999755859375,177.83999633789062,20754500.0,175.92388916015625
213,2018-04-19,AAC,11.430000305175781,11.149999618530273,11.390000343322754,11.390000343322754,65200.0,11.390000343322754
214,2018-04-19,AAL,47.77000045776367,46.40999984741211,47.529998779296875,46.880001068115234,5759300.0,46.520484924316406
215,2018-04-19,AAPL,175.38999938964844,172.66000366210938,173.75999450683594,172.8000030517578,34808800.0,170.93820190429688
216,2018-04-20,AAC,11.319999694824219,10.920000076293945,11.319999694824219,11.010000228881836,93700.0,11.010000228881836
217,2018-04-20,AAL,47.2400016784668,46.439998626708984,46.90999984741211,46.779998779296875,5344700.0,46.42124938964844
218,2018-04-20,AAPL,171.22000122070312,165.42999267578125,170.60000610351562,165.72000122070312,65491100.0,163.93447875976562
219,2018-04-23,AAC,11.3100004196167,10.859999656677246,11.069999694824219,11.079999923706055,69800.0,11.079999923706055
220,2018-04-23,AAL,47.189998626708984,46.119998931884766,46.849998474121094,46.68000030517578,4221700.0,46.32201385498047
221,2018-04-23,AAPL,166.9199981689453,164.08999633789062,166.8300018310547,165.24000549316406,36515500.0,163.45965576171875
222,2018-04-24,AAC,11.180000305175781,10.760000228881836,11.180000305175781,10.859999656677246,80700.0,10.859999656677246
223,2018-04-24,AAL,47.16999816894531,45.11000061035156,46.720001220703125,45.689998626708984,3954300.0,45.33960723876953
224,2018-04-24,AAPL,166.3300018310547,161.22000122070312,165.6699981689453,162.94000244140625,33692000.0,161.1844482421875
225,2018-04-25,AAC,11.199999809265137,10.75,10.819999694824219,11.0,84300.0,11.0
226,2018-04-25,AAL,45.93000030517578,43.88999938964844,45.66999816894531,45.25,7847600.0,44.90298080444336
227,2018-04-25,AAPL,165.4199981689453,162.41000366210938,162.6199951171875,163.64999389648438,28382100.0,161.88677978515625
228,2018-04-26,AAC,11.0,10.503999710083008,10.979999542236328,10.600000381469727,82300.0,10.600000381469727
229,2018-04-26,AAL,43.79999923706055,40.650001525878906,43.4900016784668,42.369998931884766,20517300.0,42.045066833496094
230,2018-04-26,AAPL,165.72999572753906,163.3699951171875,164.1199951171875,164.22000122070312,27963000.0,162.45065307617188
231,2018-04-27,AAC,11.050000190734863,10.380000114440918,10.59000015258789,11.020000457763672,107700.0,11.020000457763672
232,2018-04-27,AAL,43.47999954223633,42.33000183105469,42.54999923706055,43.400001525878906,6955200.0,43.067169189453125
233,2018-04-27,AAPL,164.3300018310547,160.6300048828125,164.0,162.32000732421875,35655800.0,160.5711212158203
234,2018-04-30,AAC,11.390000343322754,10.819999694824219,11.100000381469727,11.329999923706055,109200.0,11.329999923706055
235,2018-04-30,AAL,43.810001373291016,42.7599983215332,43.5,42.93000030517578,6472900.0,42.60077667236328
236,2018-04-30,AAPL,167.25999450683594,161.83999633789062,162.1300048828125,165.25999450683594,42427400.0,163.47943115234375
237,2018-05-01,AAC,11.520000457763672,11.020000457763672,11.34000015258789,11.510000228881836,161000.0,11.510000228881836
238,2018-05-01,AAL,43.459999084472656,42.560001373291016,42.86000061035156,43.36000061035156,5341200.0,43.0274772644043
239,2018-05-01,AAPL,169.1999969482422,165.27000427246094,166.41000366210938,169.10000610351562,53569400.0,167.27806091308594
240,2018-05-02,AAC,12.640000343322754,11.520000457763672,11.520000457763672,12.149999618530273,426300.0,12.149999618530273
241,2018-05-02,AAL,43.40999984741211,42.189998626708984,43.22999954223633,42.2400016784668,6314400.0,41.91606903076172
242,2018-05-02,AAPL,177.75,173.8000030517578,175.22999572753906,176.57000732421875,66539400.0,174.66758728027344
243,2018-05-03,AAC,12.380000114440918,10.869999885559082,12.380000114440918,11.710000038146973,292100.0,11.710000038146973
244,2018-05-03,AAL,42.4900016784668,41.540000915527344,42.25,42.11000061035156,4700500.0,41.78706359863281
245,2018-05-03,AAPL,177.5,174.44000244140625,175.8800048828125,176.88999938964844,34068200.0,174.984130859375
246,2018-05-04,AAC,11.649999618530273,11.050000190734863,11.649999618530273,11.510000228881836,178900.0,11.510000228881836
247,2018-05-04,AAL,43.45000076293945,41.75,41.75,42.86000061035156,5540900.0,42.531314849853516
248,2018-05-04,AAPL,184.25,178.1699981689453,178.25,183.8300018310547,56201300.0,181.84934997558594
249,2018-05-07,AAC,12.067999839782715,11.350000381469727,11.569999694824219,11.75,175700.0,11.75
250,2018-05-07,AAL,43.22999954223633,42.119998931884766,42.91999816894531,42.439998626708984,5331000.0,42.21302032470703
251,2018-05-07,AAPL,187.6699981689453,184.75,185.17999267578125,185.16000366210938,42451400.0,183.16502380371094
252,2018-05-08,AAC,11.850000381469727,11.619999885559082,11.789999961853027,11.65999984741211,113800.0,11.65999984741211
253,2018-05-08,AAL,44.0099983215332,42.33000183105469,42.33000183105469,43.0,7766600.0,42.77002716064453
254,2018-05-08,AAPL,186.22000122070312,183.6699981689453,184.99000549316406,186.0500030517578,28402800.0,184.04544067382812
255,2018-05-09,AAC,11.890000343322754,11.069999694824219,11.600000381469727,11.449999809265137,184900.0,11.449999809265137
256,2018-05-09,AAL,43.15999984741211,41.470001220703125,42.93000030517578,41.5,8273700.0,41.27804946899414
257,2018-05-09,AAPL,187.39999389648438,185.22000122070312,186.5500030517578,187.36000061035156,23211200.0,185.34133911132812
258,2018-05-10,AAC,11.619999885559082,10.5600004196167,11.34000015258789,11.539999961853027,171300.0,11.539999961853027
259,2018-05-10,AAL,42.459999084472656,41.5099983215332,41.5099983215332,42.040000915527344,7931600.0,41.81516647338867
260,2018-05-10,AAPL,190.3699951171875,187.64999389648438,187.74000549316406,190.0399932861328,27989300.0,187.99244689941406
261,2018-05-11,AAC,12.300000190734863,11.65999984741211,11.65999984741211,11.989999771118164,193100.0,11.989999771118164
262,2018-05-11,AAL,42.65999984741211,42.02000045776367,42.08000183105469,42.599998474121094,6066700.0,42.372161865234375
263,2018-05-11,AAPL,190.05999755859375,187.4499969482422,189.49000549316406,188.58999633789062,26212200.0,187.2774658203125
264,2018-05-14,AAC,12.145000457763672,11.350000381469727,11.949999809265137,11.380000114440918,117000.0,11.380000114440918
265,2018-05-14,AAL,43.09000015258789,42.20000076293945,42.75,42.459999084472656,4201600.0,42.232913970947266
266,2018-05-14,AAPL,189.52999877929688,187.86000061035156,189.00999450683594,188.14999389648438,20778800.0,186.84051513671875
267,2018-05-15,AAC,11.520000457763672,11.1899995803833,11.289999961853027,11.399999618530273,44500.0,11.399999618530273
268,2018-05-15,AAL,43.400001525878906,41.599998474121094,42.02000045776367,43.189998626708984,6909600.0,42.95901107788086
269,2018-05-15,AAPL,187.07000732421875,185.10000610351562,186.77999877929688,186.44000244140625,23695200.0,185.14242553710938
270,2018-05-16,AAC,11.6899995803833,11.399999618530273,11.399999618530273,11.579999923706055,100500.0,11.579999923706055
271,2018-05-16,AAL,44.90999984741211,43.040000915527344,43.130001068115234,44.060001373291016,7493600.0,43.82435989379883
272,2018-05-16,AAPL,188.4600067138672,186.0,186.07000732421875,188.17999267578125,19183100.0,186.87030029296875
273,2018-05-17,AAC,11.8100004196167,11.430000305175781,11.529999732971191,11.739999771118164,77100.0,11.739999771118164
274,2018-05-17,AAL,44.5099983215332,43.4900016784668,43.900001525878906,43.630001068115234,5334100.0,43.39665985107422
275,2018-05-17,AAPL,188.91000366210938,186.36000061035156,188.0,186.99000549316406,17294000.0,185.6885986328125
276,2018-05-18,AAC,12.09000015258789,11.619999885559082,11.850000381469727,11.850000381469727,101300.0,11.850000381469727
277,2018-05-18,AAL,43.7599983215332,43.040000915527344,43.560001373291016,43.380001068115234,4216100.0,43.14799880981445
278,2018-05-18,AAPL,187.80999755859375,186.1300048828125,187.19000244140625,186.30999755859375,18297700.0,185.01333618164062
279,2018-05-21,AAC,12.449999809265137,11.899999618530273,11.899999618530273,12.329999923706055,128900.0,12.329999923706055
280,2018-05-21,AAL,44.790000915527344,43.630001068115234,43.7400016784668,44.279998779296875,4930200.0,44.04317855834961
281,2018-05-21,AAPL,189.27000427246094,186.91000366210938,188.0,187.6300048828125,18400800.0,186.3241424560547
282,2018-05-22,AAC,12.324999809265137,11.619999885559082,12.3100004196167,11.6899995803833,147900.0,11.6899995803833
283,2018-05-22,AAL,45.040000915527344,42.83000183105469,44.5,42.880001068115234,6892400.0,42.65066909790039
284,2018-05-22,AAPL,188.8800048828125,186.77999877929688,188.3800048828125,187.16000366210938,15240700.0,185.857421875
285,2018-05-23,AAC,11.960000038146973,11.380000114440918,11.600000381469727,11.670000076293945,193100.0,11.670000076293945
286,2018-05-23,AAL,42.869998931884766,42.27000045776367,42.63999938964844,42.79999923706055,3895100.0,42.57109451293945
287,2018-05-23,AAPL,188.5,185.75999450683594,186.35000610351562,188.36000061035156,20058400.0,187.04905700683594
288,2018-05-24,AAC,11.880000114440918,11.319999694824219,11.720000267028809,11.59000015258789,121300.0,11.59000015258789
289,2018-05-24,AAL,43.88999938964844,42.7599983215332,42.939998626708984,43.560001373291016,3852400.0,43.32703399658203
290,2018-05-24,AAPL,188.83999633789062,186.2100067138672,188.77000427246094,188.14999389648438,23234000.0,186.84051513671875
291,2018-05-25,AAC,11.5600004196167,11.229999542236328,11.5,11.399999618530273,138400.0,11.399999618530273
292,2018-05-25,AAL,45.81999969482422,43.79999923706055,43.81999969482422,44.90999984741211,6517300.0,44.66981506347656
293,2018-05-25,AAPL,189.64999389648438,187.64999389648438,188.22999572753906,188.5800018310547,17461000.0,187.2675323486328
294,2018-05-29,AAC,11.630000114440918,10.729999542236328,11.380000114440918,11.050000190734863,274300.0,11.050000190734863
295,2018-05-29,AAL,45.150001525878906,43.220001220703125,44.599998474121094,43.59000015258789,4440400.0,43.35687255859375
296,2018-05-29,AAPL,188.75,186.8699951171875,187.60000610351562,187.89999389648438,22514100.0,186.59226989746094
297,2018-05-30,AAC,11.229999542236328,10.75,11.0600004196167,10.930000305175781,111800.0,10.930000305175781
298,2018-05-30,AAL,43.83000183105469,42.65999984741211,43.68000030517578,43.29999923706055,5457900.0,43.06842041015625
299,2018-05-30,AAPL,188.0,186.77999877929688,187.72000122070312,187.5,18690500.0,186.19503784179688
300,2018-05-31,AAC,11.010000228881836,10.729999542236328,10.770000457763672,10.760000228881836,161100.0,10.760000228881836
301,2018-05-31,AAL,44.709999084472656,42.970001220703125,43.400001525878906,43.540000915527344,8540100.0,43.3071403503418
302,2018-05-31,AAPL,188.22999572753906,186.13999938964844,187.22000122070312,186.8699951171875,27482800.0,185.56942749023438
303,2018-06-01,AAC,10.819999694824219,10.369999885559082,10.819999694824219,10.430000305175781,127000.0,10.430000305175781
304,2018-06-01,AAL,44.09000015258789,43.349998474121094,44.04999923706055,44.0,5408900.0,43.764678955078125
305,2018-06-01,AAPL,190.25999450683594,187.75,187.99000549316406,190.24000549316406,23442500.0,188.91598510742188
306,2018-06-04,AAC,10.550000190734863,10.029999732971191,10.489999771118164,10.069999694824219,120000.0,10.069999694824219
307,2018-06-04,AAL,45.0099983215332,43.959999084472656,44.040000915527344,44.86000061035156,5612300.0,44.62008285522461
308,2018-06-04,AAPL,193.4199981689453,191.35000610351562,191.63999938964844,191.8300018310547,26266200.0,190.49490356445312
309,2018-06-05,AAC,10.210000038146973,9.960000038146973,10.09000015258789,10.119999885559082,135700.0,10.119999885559082
310,2018-06-05,AAL,45.02000045776367,43.810001373291016,44.779998779296875,44.18000030517578,4975300.0,43.9437141418457
311,2018-06-05,AAPL,193.94000244140625,192.36000061035156,193.07000732421875,193.30999755859375,21566000.0,191.964599609375
312,2018-06-06,AAC,10.640000343322754,10.079999923706055,10.119999885559082,10.420000076293945,212900.0,10.420000076293945
313,2018-06-06,AAL,44.22999954223633,42.880001068115234,43.45000076293945,44.189998626708984,6502500.0,43.95366287231445
314,2018-06-06,AAPL,194.0800018310547,191.9199981689453,193.6300048828125,193.97999572753906,20933600.0,192.62994384765625
315,2018-06-07,AAC,10.520000457763672,10.15999984741211,10.460000038146973,10.289999961853027,116900.0,10.289999961853027
316,2018-06-07,AAL,44.47999954223633,43.45000076293945,44.279998779296875,43.84000015258789,3729000.0,43.60553741455078
317,2018-06-07,AAPL,194.1999969482422,192.33999633789062,194.13999938964844,193.4600067138672,21347200.0,192.1135711669922
318,2018-06-08,AAC,10.5,10.25,10.25,10.329999923706055,74000.0,10.329999923706055
319,2018-06-08,AAL,43.970001220703125,42.959999084472656,43.959999084472656,43.11000061035156,6273000.0,42.87943649291992
320,2018-06-08,AAPL,192.0,189.77000427246094,191.1699981689453,191.6999969482422,26656800.0,190.36581420898438
321,2018-06-11,AAC,10.630000114440918,10.3100004196167,10.34000015258789,10.34000015258789,110100.0,10.34000015258789
322,2018-06-11,AAL,44.93000030517578,43.25,43.25,44.15999984741211,6440700.0,43.923824310302734
323,2018-06-11,AAPL,191.97000122070312,190.2100067138672,191.35000610351562,191.22999572753906,18308500.0,189.8990936279297
324,2018-06-12,AAC,10.460000038146973,10.119999885559082,10.369999885559082,10.329999923706055,93300.0,10.329999923706055
325,2018-06-12,AAL,44.29999923706055,43.09000015258789,44.22999954223633,43.40999984741211,5204600.0,43.177833557128906
326,2018-06-12,AAPL,192.61000061035156,191.14999389648438,191.38999938964844,192.27999877929688,16911100.0,190.9417724609375
327,2018-06-13,AAC,10.390000343322754,10.069999694824219,10.319999694824219,10.119999885559082,67900.0,10.119999885559082
328,2018-06-13,AAL,43.689998626708984,42.83000183105469,43.38999938964844,42.91999816894531,5989000.0,42.69045639038086
329,2018-06-13,AAPL,192.8800048828125,190.44000244140625,192.4199981689453,190.6999969482422,21638400.0,189.37277221679688
330,2018-06-14,AAC,10.1899995803833,9.5600004196167,10.15999984741211,9.850000381469727,283300.0,9.850000381469727
331,2018-06-14,AAL,43.4900016784668,42.79999923706055,43.060001373291016,43.08000183105469,4019300.0,42.84960174560547
332,2018-06-14,AAPL,191.57000732421875,190.22000122070312,191.5500030517578,190.8000030517578,21610100.0,189.47207641601562
333,2018-06-15,AAC,10.020000457763672,9.475000381469727,9.8100004196167,9.979999542236328,273200.0,9.979999542236328
334,2018-06-15,AAL,43.11000061035156,42.31999969482422,43.060001373291016,42.77000045776367,7032000.0,42.541259765625
335,2018-06-15,AAPL,190.16000366210938,188.25999450683594,190.02999877929688,188.83999633789062,61719200.0,187.5257110595703
336,2018-06-18,AAC,10.069999694824219,9.84000015258789,9.949999809265137,9.960000038146973,125800.0,9.960000038146973
337,2018-06-18,AAL,42.68000030517578,41.939998626708984,42.630001068115234,42.439998626708984,5372100.0,42.21302032470703
338,2018-06-18,AAPL,189.22000122070312,187.1999969482422,187.8800048828125,188.74000549316406,18484900.0,187.42642211914062
339,2018-06-19,AAC,10.010000228881836,9.6899995803833,9.890000343322754,9.899999618530273,112500.0,9.899999618530273
340,2018-06-19,AAL,42.209999084472656,41.09000015258789,42.029998779296875,41.5099983215332,5575300.0,41.287994384765625
341,2018-06-19,AAPL,186.3300018310547,183.4499969482422,185.13999938964844,185.69000244140625,33578500.0,184.39764404296875
342,2018-06-20,AAC,10.390000343322754,9.899999618530273,9.960000038146973,10.239999771118164,172300.0,10.239999771118164
343,2018-06-20,AAL,42.34000015258789,41.349998474121094,41.650001525878906,42.029998779296875,4930600.0,41.805213928222656
344,2018-06-20,AAPL,187.1999969482422,185.72999572753906,186.35000610351562,186.5,20628700.0,185.20201110839844
345,2018-06-21,AAC,10.420000076293945,10.079999923706055,10.210000038146973,10.229999542236328,144200.0,10.229999542236328
346,2018-06-21,AAL,42.5,41.369998931884766,42.029998779296875,41.4900016784668,5025300.0,41.268104553222656
347,2018-06-21,AAPL,188.35000610351562,184.94000244140625,187.25,185.4600067138672,25711900.0,184.16925048828125
348,2018-06-22,AAC,10.279999732971191,9.859999656677246,10.270000457763672,10.09000015258789,299400.0,10.09000015258789
349,2018-06-22,AAL,42.40999984741211,41.02000045776367,41.459999084472656,41.349998474121094,9115100.0,41.128849029541016
350,2018-06-22,AAPL,186.14999389648438,184.6999969482422,186.1199951171875,184.9199981689453,27200400.0,183.63299560546875
351,2018-06-25,AAC,10.100000381469727,9.84000015258789,10.100000381469727,9.930000305175781,149700.0,9.930000305175781
352,2018-06-25,AAL,41.27000045776367,39.290000915527344,41.09000015258789,39.68000030517578,7126400.0,39.46778106689453
353,2018-06-25,AAPL,184.9199981689453,180.72999572753906,183.39999389648438,182.1699981689453,31663100.0,180.9021453857422
354,2018-06-26,AAC,10.069999694824219,9.789999961853027,9.899999618530273,9.869999885559082,864500.0,9.869999885559082
355,2018-06-26,AAL,39.959999084472656,38.9900016784668,39.869998931884766,39.09000015258789,6037400.0,38.88093948364258
356,2018-06-26,AAPL,186.52999877929688,182.5399932861328,182.99000549316406,184.42999267578125,24569200.0,183.1464080810547
357,2018-06-27,AAC,9.9399995803833,9.1899995803833,9.859999656677246,9.25,217600.0,9.25
358,2018-06-27,AAL,39.18000030517578,38.25,39.09000015258789,38.2599983215332,7391600.0,38.05537796020508
359,2018-06-27,AAPL,187.27999877929688,184.02999877929688,185.22999572753906,184.16000366210938,25285300.0,182.8782958984375
360,2018-06-28,AAC,9.359999656677246,8.90999984741211,9.1899995803833,9.180000305175781,145300.0,9.180000305175781
361,2018-06-28,AAL,38.529998779296875,37.060001373291016,38.33000183105469,38.20000076293945,7909700.0,37.995697021484375
362,2018-06-28,AAPL,186.2100067138672,183.8000030517578,184.10000610351562,185.5,17365200.0,184.20896911621094
363,2018-06-29,AAC,9.430000305175781,9.09000015258789,9.180000305175781,9.369999885559082,150100.0,9.369999885559082
364,2018-06-29,AAL,38.75,37.81999969482422,38.25,37.959999084472656,6032100.0,37.756980895996094
365,2018-06-29,AAPL,187.19000244140625,182.91000366210938,186.2899932861328,185.11000061035156,22737700.0,183.82168579101562
366,2018-07-02,AAC,9.729999542236328,9.279999732971191,9.369999885559082,9.680000305175781,117000.0,9.680000305175781
367,2018-07-02,AAL,38.400001525878906,37.439998626708984,37.7400016784668,38.36000061035156,3363500.0,38.15484619140625
368,2018-07-02,AAPL,187.3000030517578,183.4199981689453,183.82000732421875,187.17999267578125,17731300.0,185.87725830078125
369,2018-07-03,AAC,9.880000114440918,9.539999961853027,9.739999771118164,9.760000228881836,60800.0,9.760000228881836
370,2018-07-03,AAL,38.33000183105469,36.7599983215332,37.63999938964844,37.75,5645300.0,37.5481071472168
371,2018-07-03,AAPL,187.9499969482422,183.5399932861328,187.7899932861328,183.9199981689453,13954800.0,182.63995361328125
372,2018-07-05,AAC,9.899999618530273,9.630000114440918,9.829999923706055,9.8100004196167,67500.0,9.8100004196167
373,2018-07-05,AAL,38.18000030517578,37.52000045776367,37.849998474121094,37.9900016784668,6181500.0,37.78682327270508
374,2018-07-05,AAPL,186.41000366210938,184.27999877929688,185.25999450683594,185.39999389648438,16604200.0,184.10964965820312
375,2018-07-06,AAC,9.8100004196167,9.359999656677246,9.8100004196167,9.479999542236328,104600.0,9.479999542236328
376,2018-07-06,AAL,38.38999938964844,37.7599983215332,38.189998626708984,38.09000015258789,3695000.0,37.886287689208984
377,2018-07-06,AAPL,188.42999267578125,185.1999969482422,185.4199981689453,187.97000122070312,17485200.0,186.6617889404297
378,2018-07-09,AAC,9.779999732971191,9.460000038146973,9.5,9.5600004196167,86900.0,9.5600004196167
379,2018-07-09,AAL,39.40999984741211,38.06999969482422,38.209999084472656,39.310001373291016,4530400.0,39.099761962890625
380,2018-07-09,AAPL,190.67999267578125,189.3000030517578,189.5,190.5800018310547,19756600.0,189.2536163330078
381,2018-07-10,AAC,9.529999732971191,9.289999961853027,9.529999732971191,9.359999656677246,102300.0,9.359999656677246
382,2018-07-10,AAL,39.400001525878906,38.5,39.380001068115234,39.119998931884766,4910000.0,38.91077423095703
383,2018-07-10,AAPL,191.27999877929688,190.17999267578125,190.7100067138672,190.35000610351562,15939100.0,189.02520751953125
384,2018-07-11,AAC,10.149999618530273,9.25,9.289999961853027,10.079999923706055,248600.0,10.079999923706055
385,2018-07-11,AAL,38.34000015258789,35.900001525878906,38.310001373291016,35.959999084472656,24894200.0,35.76768112182617
386,2018-07-11,AAPL,189.77999877929688,187.61000061035156,188.5,187.8800048828125,18831500.0,186.57240295410156
387,2018-07-12,AAC,10.510000228881836,9.779999732971191,10.0,10.479999542236328,163000.0,10.479999542236328
388,2018-07-12,AAL,36.77000045776367,35.63999938964844,36.400001525878906,36.33000183105469,12226300.0,36.135704040527344
389,2018-07-12,AAPL,191.41000366210938,189.30999755859375,189.52999877929688,191.02999877929688,18041100.0,189.7004852294922
390,2018-07-13,AAC,10.494999885559082,10.0,10.449999809265137,10.039999961853027,104000.0,10.039999961853027
391,2018-07-13,AAL,37.2599983215332,36.13999938964844,36.310001373291016,37.119998931884766,10829800.0,36.92147445678711
392,2018-07-13,AAPL,191.83999633789062,190.89999389648438,191.0800018310547,191.3300018310547,12513900.0,189.99839782714844
393,2018-07-16,AAC,10.149999618530273,9.654999732971191,10.079999923706055,9.729999542236328,63700.0,9.729999542236328
394,2018-07-16,AAL,37.58000183105469,36.93000030517578,37.2599983215332,37.279998779296875,5358400.0,37.08061599731445
395,2018-07-16,AAPL,192.64999389648438,190.4199981689453,191.52000427246094,190.91000366210938,15043100.0,189.58131408691406
396,2018-07-17,AAC,9.880000114440918,9.420000076293945,9.699999809265137,9.5600004196167,119500.0,9.5600004196167
397,2018-07-17,AAL,38.04999923706055,37.08000183105469,37.099998474121094,37.380001068115234,6274400.0,37.180084228515625
398,2018-07-17,AAPL,191.8699951171875,189.1999969482422,189.75,191.4499969482422,15534500.0,190.1175537109375
399,2018-07-18,AAC,9.829999923706055,9.550000190734863,9.619999885559082,9.600000381469727,113700.0,9.600000381469727
400,2018-07-18,AAL,39.20000076293945,38.0,38.0,38.369998931884766,10297400.0,38.164791107177734
401,2018-07-18,AAPL,191.8000030517578,189.92999267578125,191.77999877929688,190.39999389648438,16393400.0,189.07485961914062
402,2018-07-19,AAC,9.670000076293945,9.460000038146973,9.569999694824219,9.609999656677246,123900.0,9.609999656677246
403,2018-07-19,AAL,38.380001068115234,37.54999923706055,38.31999969482422,38.130001068115234,4985200.0,37.92607498168945
404,2018-07-19,AAPL,192.5500030517578,189.69000244140625,189.69000244140625,191.8800048828125,20286800.0,190.54457092285156
405,2018-07-20,AAC,9.899999618530273,9.510000228881836,9.630000114440918,9.550000190734863,149600.0,9.550000190734863
406,2018-07-20,AAL,38.380001068115234,37.810001373291016,37.959999084472656,37.880001068115234,5302700.0,37.67741012573242
407,2018-07-20,AAPL,192.42999267578125,190.1699981689453,191.77999877929688,191.44000244140625,20676200.0,190.10763549804688
408,2018-07-23,AAC,9.8149995803833,9.1899995803833,9.600000381469727,9.710000038146973,117700.0,9.710000038146973
409,2018-07-23,AAL,38.220001220703125,37.36000061035156,37.650001525878906,38.040000915527344,4697300.0,37.83655548095703
410,2018-07-23,AAPL,191.9600067138672,189.55999755859375,190.67999267578125,191.61000061035156,15989400.0,190.2764434814453
411,2018-07-24,AAC,10.069999694824219,9.630000114440918,9.789999961853027,9.640000343322754,150900.0,9.640000343322754
412,2018-07-24,AAL,38.38999938964844,37.040000915527344,38.189998626708984,37.45000076293945,6415100.0,37.24971008300781
413,2018-07-24,AAPL,193.66000366210938,192.0500030517578,192.4499969482422,193.0,18697900.0,191.65676879882812
414,2018-07-25,AAC,10.050000190734863,9.609999656677246,9.619999885559082,10.0,82200.0,10.0
415,2018-07-25,AAL,38.34000015258789,37.31999969482422,37.31999969482422,38.189998626708984,7336300.0,37.98575210571289
416,2018-07-25,AAPL,194.85000610351562,192.42999267578125,193.05999755859375,194.82000732421875,16709900.0,193.464111328125
417,2018-07-26,AAC,10.359999656677246,9.819999694824219,10.010000228881836,10.300000190734863,99600.0,10.300000190734863
418,2018-07-26,AAL,40.45000076293945,37.599998474121094,37.849998474121094,40.02000045776367,12832300.0,39.805965423583984
419,2018-07-26,AAPL,195.9600067138672,193.61000061035156,194.61000061035156,194.2100067138672,19076000.0,192.8583526611328
420,2018-07-27,AAC,10.420000076293945,10.229999542236328,10.350000381469727,10.289999961853027,116000.0,10.289999961853027
421,2018-07-27,AAL,40.86000061035156,39.5099983215332,39.93000030517578,39.689998626708984,8445100.0,39.47772979736328
422,2018-07-27,AAPL,195.19000244140625,190.10000610351562,194.99000549316406,190.97999572753906,24024000.0,189.65081787109375
423,2018-07-30,AAC,10.510000228881836,10.300000190734863,10.300000190734863,10.470000267028809,87100.0,10.470000267028809
424,2018-07-30,AAL,40.290000915527344,38.93000030517578,39.880001068115234,38.970001220703125,5746200.0,38.76158142089844
425,2018-07-30,AAPL,192.1999969482422,189.07000732421875,191.89999389648438,189.91000366210938,21029500.0,188.58827209472656
426,2018-07-31,AAC,10.675000190734863,10.260000228881836,10.600000381469727,10.390000343322754,840200.0,10.390000343322754
427,2018-07-31,AAL,39.869998931884766,39.13999938964844,39.2599983215332,39.540000915527344,5761100.0,39.32853317260742
428,2018-07-31,AAPL,192.13999938964844,189.33999633789062,190.3000030517578,190.2899932861328,39373000.0,188.9656219482422
429,2018-08-01,AAC,10.460000038146973,9.399999618530273,10.460000038146973,9.6899995803833,203900.0,9.6899995803833
430,2018-08-01,AAL,39.470001220703125,37.689998626708984,39.380001068115234,38.13999938964844,7080700.0,37.93601989746094
431,2018-08-01,AAPL,201.75999450683594,197.30999755859375,199.1300048828125,201.5,67935700.0,200.0976104736328
432,2018-08-02,AAC,8.8100004196167,7.800000190734863,8.550000190734863,8.649999618530273,640400.0,8.649999618530273
433,2018-08-02,AAL,38.119998931884766,37.349998474121094,37.86000061035156,37.93000030517578,5920700.0,37.727142333984375
434,2018-08-02,AAPL,208.3800048828125,200.35000610351562,200.5800018310547,207.38999938964844,62404000.0,205.94662475585938
435,2018-08-03,AAC,9.449999809265137,8.682000160217285,8.720000267028809,9.369999885559082,331700.0,9.369999885559082
436,2018-08-03,AAL,38.619998931884766,38.04999923706055,38.060001373291016,38.41999816894531,3975100.0,38.21452331542969
437,2018-08-03,AAPL,208.74000549316406,205.47999572753906,207.02999877929688,207.99000549316406,33447400.0,206.54244995117188
438,2018-08-06,AAC,9.40999984741211,8.5,9.40999984741211,8.75,331100.0,8.75
439,2018-08-06,AAL,38.4900016784668,37.869998931884766,38.2599983215332,38.40999984741211,3339900.0,38.30427551269531
440,2018-08-06,AAPL,209.25,207.07000732421875,208.0,209.07000732421875,25425400.0,207.61492919921875
441,2018-08-07,AAC,9.020000457763672,8.619999885559082,8.65999984741211,8.850000381469727,165700.0,8.850000381469727
442,2018-08-07,AAL,38.7400016784668,38.189998626708984,38.650001525878906,38.2599983215332,6427100.0,38.154685974121094
443,2018-08-07,AAPL,209.5,206.75999450683594,209.32000732421875,207.11000061035156,25587400.0,205.6685791015625
444,2018-08-08,AAC,9.59000015258789,8.649999618530273,8.829999923706055,8.760000228881836,198800.0,8.760000228881836
445,2018-08-08,AAL,38.86000061035156,38.220001220703125,38.40999984741211,38.380001068115234,3886500.0,38.274356842041016
446,2018-08-08,AAPL,207.80999755859375,204.52000427246094,206.0500030517578,207.25,22525500.0,205.80760192871094
447,2018-08-09,AAC,9.539999961853027,8.770000457763672,8.770000457763672,9.260000228881836,123000.0,9.260000228881836
448,2018-08-09,AAL,38.7400016784668,37.88999938964844,38.54999923706055,37.91999816894531,3699400.0,37.81562042236328
449,2018-08-09,AAPL,209.77999877929688,207.1999969482422,209.52999877929688,208.8800048828125,23492600.0,207.42625427246094
450,2018-08-10,AAC,9.199999809265137,9.050000190734863,9.199999809265137,9.109999656677246,66300.0,9.109999656677246
451,2018-08-10,AAL,37.790000915527344,36.45000076293945,37.75,37.2599983215332,7481700.0,37.157440185546875
452,2018-08-10,AAPL,209.10000610351562,206.6699981689453,207.36000061035156,207.52999877929688,24611200.0,206.80841064453125
453,2018-08-13,AAC,9.529999732971191,9.079999923706055,9.109999656677246,9.40999984741211,84200.0,9.40999984741211
454,2018-08-13,AAL,37.33000183105469,36.68000030517578,37.290000915527344,36.790000915527344,4051800.0,36.68873596191406
455,2018-08-13,AAPL,210.9499969482422,207.6999969482422,209.30999755859375,208.8699951171875,25890900.0,208.1437530517578
456,2018-08-14,AAC,9.8100004196167,9.359999656677246,9.40999984741211,9.760000228881836,263100.0,9.760000228881836
457,2018-08-14,AAL,37.560001373291016,36.83000183105469,36.84000015258789,37.09000015258789,3873000.0,36.98790740966797
458,2018-08-14,AAPL,210.55999755859375,208.25999450683594,210.16000366210938,209.75,20748000.0,209.02069091796875
459,2018-08-15,AAAU,11.84000015258789,11.739999771118164,11.84000015258789,11.739999771118164,27300.0,11.739999771118164
460,2018-08-15,AAC,9.975000381469727,9.680000305175781,9.770000457763672,9.859999656677246,161100.0,9.859999656677246
461,2018-08-15,AAL,37.5099983215332,36.41999816894531,36.959999084472656,37.439998626708984,5599200.0,37.336944580078125
462,2018-08-15,AAPL,210.74000549316406,208.3300018310547,209.22000122070312,210.24000549316406,28807600.0,209.5089874267578
463,2018-08-16,AAAU,11.800000190734863,11.739999771118164,11.779999732971191,11.739999771118164,428400.0,11.739999771118164
464,2018-08-16,AAC,10.475000381469727,9.904999732971191,9.930000305175781,10.15999984741211,431200.0,10.15999984741211
465,2018-08-16,AAL,38.459999084472656,37.439998626708984,37.75,38.15999984741211,5876500.0,38.054962158203125
466,2018-08-16,AAPL,213.80999755859375,211.47000122070312,211.75,213.32000732421875,28500400.0,212.5782928466797
467,2018-08-17,AAAU,11.819999694824219,11.770000457763672,11.800000190734863,11.819999694824219,52400.0,11.819999694824219
468,2018-08-17,AAC,10.270000457763672,9.84000015258789,10.119999885559082,9.880000114440918,234100.0,9.880000114440918
469,2018-08-17,AAL,38.209999084472656,37.720001220703125,37.9900016784668,37.790000915527344,6364900.0,37.68598175048828
470,2018-08-17,AAPL,217.9499969482422,213.16000366210938,213.44000244140625,217.5800018310547,35427000.0,216.82347106933594
471,2018-08-20,AAAU,11.90999984741211,11.850000381469727,11.880000114440918,11.899999618530273,28700.0,11.899999618530273
472,2018-08-20,AAC,10.0,9.720000267028809,9.899999618530273,9.789999961853027,334100.0,9.789999961853027
473,2018-08-20,AAL,40.099998474121094,37.9900016784668,38.040000915527344,39.9900016784668,9628900.0,39.87992858886719
474,2018-08-20,AAPL,219.17999267578125,215.11000061035156,218.10000610351562,215.4600067138672,30287700.0,214.71084594726562
475,2018-08-21,AAAU,11.949999809265137,11.890000343322754,11.920000076293945,11.930000305175781,30600.0,11.930000305175781
476,2018-08-21,AAC,10.0,9.6899995803833,9.75,9.710000038146973,334500.0,9.710000038146973
477,2018-08-21,AAL,40.709999084472656,39.84000015258789,39.97999954223633,40.33000183105469,6491800.0,40.218990325927734
478,2018-08-21,AAPL,217.19000244140625,214.02999877929688,216.8000030517578,215.0399932861328,26159800.0,214.29229736328125
479,2018-08-22,AAAU,11.979999542236328,11.9399995803833,11.979999542236328,11.960000038146973,101200.0,11.960000038146973
480,2018-08-22,AAC,9.760000228881836,9.640000343322754,9.65999984741211,9.699999809265137,187500.0,9.699999809265137
481,2018-08-22,AAL,40.189998626708984,39.13999938964844,40.08000183105469,39.189998626708984,5593100.0,39.08212661743164
482,2018-08-22,AAPL,216.36000061035156,213.83999633789062,214.10000610351562,215.0500030517578,19018100.0,214.30226135253906
483,2018-08-23,AAAU,11.920000076293945,11.850000381469727,11.90999984741211,11.850000381469727,54800.0,11.850000381469727
484,2018-08-23,AAC,9.770000457763672,9.579999923706055,9.6899995803833,9.760000228881836,639800.0,9.760000228881836
485,2018-08-23,AAL,39.38999938964844,38.720001220703125,39.189998626708984,38.83000183105469,3931900.0,38.723121643066406
486,2018-08-23,AAPL,217.0500030517578,214.60000610351562,214.64999389648438,215.49000549316406,18883200.0,214.74073791503906
487,2018-08-24,AAAU,12.079999923706055,11.960000038146973,11.970000267028809,12.050000190734863,106500.0,12.050000190734863
488,2018-08-24,AAC,9.819999694824219,9.460000038146973,9.819999694824219,9.5,146600.0,9.5
489,2018-08-24,AAL,39.150001525878906,38.529998779296875,38.900001525878906,38.81999969482422,3561700.0,38.7131462097168
490,2018-08-24,AAPL,216.89999389648438,215.11000061035156,216.60000610351562,216.16000366210938,18476400.0,215.4084014892578
491,2018-08-27,AAAU,12.130000114440918,12.0600004196167,12.0600004196167,12.100000381469727,295100.0,12.100000381469727
492,2018-08-27,AAC,9.649999618530273,9.300000190734863,9.600000381469727,9.359999656677246,68300.0,9.359999656677246
493,2018-08-27,AAL,39.81999969482422,39.02000045776367,39.02000045776367,39.52000045776367,11236000.0,39.41122055053711
494,2018-08-27,AAPL,218.74000549316406,216.3300018310547,217.14999389648438,217.94000244140625,20525100.0,217.18222045898438
495,2018-08-28,AAC,9.59000015258789,9.289999961853027,9.359999656677246,9.3100004196167,109900.0,9.3100004196167
496,2018-08-28,AAL,40.70000076293945,39.599998474121094,39.66999816894531,40.689998626708984,7373500.0,40.577999114990234
497,2018-08-28,AAPL,220.5399932861328,218.9199981689453,219.00999450683594,219.6999969482422,22776800.0,218.93609619140625
498,2018-08-29,AAAU,12.0600004196167,12.029999732971191,12.0600004196167,12.050000190734863,31800.0,12.050000190734863
499,2018-08-29,AAC,9.489999771118164,8.9399995803833,9.350000381469727,9.029999732971191,173000.0,9.029999732971191
500,2018-08-29,AAL,41.040000915527344,40.25,40.65999984741211,40.5,4475100.0,40.38852310180664
501,2018-08-29,AAPL,223.49000549316406,219.41000366210938,220.14999389648438,222.97999572753906,27254800.0,222.20468139648438
502,2018-08-30,AAAU,12.029999732971191,11.970000267028809,12.029999732971191,12.010000228881836,804500.0,12.010000228881836
503,2018-08-30,AAC,9.135000228881836,8.789999961853027,9.029999732971191,8.819999694824219,146800.0,8.819999694824219
504,2018-08-30,AAL,40.84000015258789,40.150001525878906,40.36000061035156,40.400001525878906,4330100.0,40.28879928588867
505,2018-08-30,AAPL,228.25999450683594,222.39999389648438,223.25,225.02999877929688,48793800.0,224.24755859375
506,2018-08-31,AAAU,12.050000190734863,11.989999771118164,12.039999961853027,12.0,39500.0,12.0
507,2018-08-31,AAC,9.020000457763672,8.600000381469727,8.779999732971191,8.859999656677246,103600.0,8.859999656677246
508,2018-08-31,AAL,40.54999923706055,40.18000030517578,40.25,40.47999954223633,3464000.0,40.36857604980469
509,2018-08-31,AAPL,228.8699951171875,226.0,226.50999450683594,227.6300048828125,43340100.0,226.83853149414062
510,2018-09-04,AAAU,11.9399995803833,11.899999618530273,11.90999984741211,11.920000076293945,6000.0,11.920000076293945
511,2018-09-04,AAC,8.75,8.430000305175781,8.75,8.5,185200.0,8.5
512,2018-09-04,AAL,41.34000015258789,40.31999969482422,40.31999969482422,40.77000045776367,7123200.0,40.657779693603516
513,2018-09-04,AAPL,229.17999267578125,226.6300048828125,228.41000366210938,228.36000061035156,27390100.0,227.56597900390625
514,2018-09-05,AAAU,11.979999542236328,11.960000038146973,11.979999542236328,11.970000267028809,1032800.0,11.970000267028809
515,2018-09-05,AAC,8.5,7.699999809265137,8.5,8.029999732971191,334400.0,8.029999732971191
516,2018-09-05,AAL,41.369998931884766,38.880001068115234,40.810001373291016,39.66999816894531,9738800.0,39.56080627441406
517,2018-09-05,AAPL,229.6699981689453,225.10000610351562,228.99000549316406,226.8699951171875,33333000.0,226.08116149902344
518,2018-09-06,AAAU,12.069999694824219,11.979999542236328,12.069999694824219,12.0,22900.0,12.0
519,2018-09-06,AAC,8.170000076293945,7.889999866485596,8.050000190734863,8.020000457763672,238700.0,8.020000457763672
520,2018-09-06,AAL,39.689998626708984,38.25,39.47999954223633,38.47999954223633,6917300.0,38.374080657958984
521,2018-09-06,AAPL,227.35000610351562,221.3000030517578,226.22999572753906,223.10000610351562,34290000.0,222.32427978515625
522,2018-09-07,AAAU,11.979999542236328,11.9399995803833,11.970000267028809,11.960000038146973,20500.0,11.960000038146973
523,2018-09-07,AAC,8.09000015258789,7.769999980926514,7.980000019073486,7.78000020980835,202000.0,7.78000020980835
524,2018-09-07,AAL,39.27000045776367,38.150001525878906,38.310001373291016,38.43000030517578,4875700.0,38.32421875
525,2018-09-07,AAPL,225.3699951171875,220.7100067138672,221.85000610351562,221.3000030517578,37619800.0,220.53053283691406
526,2018-09-10,AAAU,11.970000267028809,11.9399995803833,11.970000267028809,11.949999809265137,64300.0,11.949999809265137
527,2018-09-10,AAC,7.789999961853027,7.070000171661377,7.789999961853027,7.119999885559082,155700.0,7.119999885559082
528,2018-09-10,AAL,39.4900016784668,38.4900016784668,38.65999984741211,39.43000030517578,3901000.0,39.321468353271484
529,2018-09-10,AAPL,221.85000610351562,216.47000122070312,220.9499969482422,218.3300018310547,39516500.0,217.57086181640625
530,2018-09-11,AAAU,11.960000038146973,11.880000114440918,11.899999618530273,11.960000038146973,6800.0,11.960000038146973
531,2018-09-11,AAC,7.409999847412109,7.070000171661377,7.110000133514404,7.349999904632568,168800.0,7.349999904632568
532,2018-09-11,AAL,40.310001373291016,39.06999969482422,39.33000183105469,40.18000030517578,5863600.0,40.06940460205078
533,2018-09-11,AAPL,224.3000030517578,216.55999755859375,218.00999450683594,223.85000610351562,35749000.0,223.07167053222656
534,2018-09-12,AAAU,12.069999694824219,12.020000457763672,12.029999732971191,12.069999694824219,1600.0,12.069999694824219
535,2018-09-12,AAC,7.610000133514404,7.199999809265137,7.349999904632568,7.579999923706055,168200.0,7.579999923706055
536,2018-09-12,AAL,40.400001525878906,39.22999954223633,40.2599983215332,39.2599983215332,6103400.0,39.15193176269531
537,2018-09-12,AAPL,225.0,219.83999633789062,224.94000244140625,221.07000732421875,49278700.0,220.3013458251953
538,2018-09-13,AAAU,12.119999885559082,12.010000228881836,12.119999885559082,12.010000228881836,5900.0,12.010000228881836
539,2018-09-13,AAC,7.659999847412109,7.440000057220459,7.630000114440918,7.519999980926514,185000.0,7.519999980926514
540,2018-09-13,AAL,40.060001373291016,39.41999816894531,39.4900016784668,39.47999954223633,4268900.0,39.37133026123047
541,2018-09-13,AAPL,228.35000610351562,222.57000732421875,223.52000427246094,226.41000366210938,41706400.0,225.62277221679688
542,2018-09-14,AAAU,12.010000228881836,11.930000305175781,12.010000228881836,11.930000305175781,13700.0,11.930000305175781
543,2018-09-14,AAC,7.71999979019165,7.320000171661377,7.570000171661377,7.349999904632568,163000.0,7.349999904632568
544,2018-09-14,AAL,39.970001220703125,39.31999969482422,39.540000915527344,39.7400016784668,2905100.0,39.630615234375
545,2018-09-14,AAPL,226.83999633789062,222.52000427246094,225.75,223.83999633789062,31999300.0,223.0616912841797
546,2018-09-17,AAAU,12.039999961853027,12.0,12.010000228881836,12.010000228881836,2214000.0,12.010000228881836
547,2018-09-17,AAC,7.539999961853027,7.210000038146973,7.440000057220459,7.340000152587891,152100.0,7.340000152587891
548,2018-09-17,AAL,40.54999923706055,39.70000076293945,39.70000076293945,40.31999969482422,5072800.0,40.20901870727539
549,2018-09-17,AAPL,222.9499969482422,217.27000427246094,222.14999389648438,217.8800048828125,37195100.0,217.12242126464844
550,2018-09-18,AAAU,12.029999732971191,11.979999542236328,12.029999732971191,11.979999542236328,1000.0,11.979999542236328
551,2018-09-18,AAC,7.599999904632568,7.230000019073486,7.360000133514404,7.239999771118164,120200.0,7.239999771118164
552,2018-09-18,AAL,40.86000061035156,39.650001525878906,40.36000061035156,40.790000915527344,5548300.0,40.6777229309082
553,2018-09-18,AAPL,221.85000610351562,217.1199951171875,217.7899932861328,218.24000549316406,31571700.0,217.48117065429688
554,2018-09-19,AAAU,12.039999961853027,12.029999732971191,12.039999961853027,12.029999732971191,17400.0,12.029999732971191
555,2018-09-19,AAC,7.360000133514404,6.71999979019165,7.239999771118164,6.75,317600.0,6.75
556,2018-09-19,AAL,41.77000045776367,40.70000076293945,40.790000915527344,41.599998474121094,7413600.0,41.48549270629883
557,2018-09-19,AAPL,219.6199951171875,215.3000030517578,218.5,218.3699951171875,27123800.0,217.6107177734375
558,2018-09-20,AAAU,12.069999694824219,12.039999961853027,12.0600004196167,12.0600004196167,8300.0,12.0600004196167
559,2018-09-20,AAC,7.230000019073486,6.78000020980835,6.78000020980835,7.159999847412109,330800.0,7.159999847412109
560,2018-09-20,AAL,42.16999816894531,41.189998626708984,41.81999969482422,41.88999938964844,6865600.0,41.774696350097656
561,2018-09-20,AAPL,222.27999877929688,219.14999389648438,220.24000549316406,220.02999877929688,26608800.0,219.26495361328125
562,2018-09-21,AAAU,12.0,11.970000267028809,12.0,11.989999771118164,3000.0,11.989999771118164
563,2018-09-21,AAC,7.460000038146973,7.090000152587891,7.159999847412109,7.400000095367432,271400.0,7.400000095367432
564,2018-09-21,AAL,43.88999938964844,41.9900016784668,42.040000915527344,43.599998474121094,10743100.0,43.47998809814453
565,2018-09-21,AAPL,221.36000061035156,217.2899932861328,220.77999877929688,217.66000366210938,96246700.0,216.9031982421875
566,2018-09-24,AAAU,12.029999732971191,12.0,12.010000228881836,12.0,31500.0,12.0
567,2018-09-24,AAC,7.409999847412109,7.199999809265137,7.400000095367432,7.25,113800.0,7.25
568,2018-09-24,AAL,43.29999923706055,41.849998474121094,43.27000045776367,41.97999954223633,7105100.0,41.86444854736328
569,2018-09-24,AAPL,221.25999450683594,216.6300048828125,216.82000732421875,220.7899932861328,27693400.0,220.0222930908203
570,2018-09-25,AAAU,12.020000457763672,12.010000228881836,12.020000457763672,12.010000228881836,551600.0,12.010000228881836
571,2018-09-25,AAC,7.400000095367432,7.199999809265137,7.25,7.269999980926514,114100.0,7.269999980926514
572,2018-09-25,AAL,42.189998626708984,40.27000045776367,42.0,40.810001373291016,6744200.0,40.697669982910156
573,2018-09-25,AAPL,222.82000732421875,219.6999969482422,219.75,222.19000244140625,24554400.0,221.4174346923828
574,2018-09-26,AAAU,11.989999771118164,11.90999984741211,11.960000038146973,11.949999809265137,166500.0,11.949999809265137
575,2018-09-26,AAC,7.349999904632568,7.050000190734863,7.320000171661377,7.199999809265137,128700.0,7.199999809265137
576,2018-09-26,AAL,41.47999954223633,40.779998779296875,40.84000015258789,41.040000915527344,4623700.0,40.92703628540039
577,2018-09-26,AAPL,223.75,219.75999450683594,221.0,220.4199981689453,23984700.0,219.65359497070312
578,2018-09-27,AAAU,11.869999885559082,11.829999923706055,11.850000381469727,11.84000015258789,25400.0,11.84000015258789
579,2018-09-27,AAC,7.409999847412109,7.099999904632568,7.190000057220459,7.28000020980835,466900.0,7.28000020980835
580,2018-09-27,AAL,42.20000076293945,41.150001525878906,41.22999954223633,41.5,5654600.0,41.38576889038086
581,2018-09-27,AAPL,226.44000244140625,223.5399932861328,223.82000732421875,224.9499969482422,30181200.0,224.16783142089844
582,2018-09-28,AAAU,11.930000305175781,11.850000381469727,11.850000381469727,11.920000076293945,24500.0,11.920000076293945
583,2018-09-28,AAC,7.739999771118164,7.199999809265137,7.260000228881836,7.630000114440918,140200.0,7.630000114440918
584,2018-09-28,AAL,41.959999084472656,40.70000076293945,41.369998931884766,41.33000183105469,5030600.0,41.21623992919922
585,2018-09-28,AAPL,225.83999633789062,224.02000427246094,224.7899932861328,225.74000549316406,22929400.0,224.95509338378906
